{
  "semantic_weight": 0.95,
  "structural_weight": 0.05,
  "threshold": 0.7,
  "chain_threshold": 0.1,
  "gap_penalty": -0.5,
  "min_detection_length": 300,
  "window_size": 150,
  "step_size": 25,
  "precision": 0.48980937309598865,
  "recall": 0.5925714293670385,
  "f1": 0.5257849745557741
}